{"count":1,"self":138.354112,"total":1920.1048282,"children":{"InitializeActuators":{"count":50,"self":0.0019947999999999997,"total":0.0019947999999999997,"children":null},"InitializeSensors":{"count":50,"self":0.0009975,"total":0.0009975,"children":null},"AgentSendState":{"count":500234,"self":38.050278399999996,"total":157.1248204,"children":{"CollectObservations":{"count":5002350,"self":16.855832,"total":16.8558326,"children":null},"WriteActionMask":{"count":5002350,"self":8.750524,"total":8.7505241,"children":null},"RequestDecision":{"count":5002350,"self":36.797612799999996,"total":93.4681841,"children":{"AgentInfo.ToProto":{"count":5002350,"self":26.1611792,"total":56.670572199999995,"children":{"GenerateSensorData":{"count":5002350,"self":30.509392,"total":30.5093927,"children":null}}}}}}},"DecideAction":{"count":500234,"self":1600.9355263999998,"total":1600.9354891,"children":null},"AgentAct":{"count":500234,"self":23.2920512,"total":23.3170619,"children":{"AgentInfo.ToProto":{"count":970,"self":0.0099823,"total":0.0250102,"children":{"GenerateSensorData":{"count":970,"self":0.015027899999999999,"total":0.015027899999999999,"children":null}}}}},"AgentInfo.ToProto":{"count":16998,"self":0.1712897,"total":0.3693225,"children":{"GenerateSensorData":{"count":16998,"self":0.19803279999999998,"total":0.19803279999999998,"children":null}}}},"gauges":{"DeflectBall.CumulativeReward":{"count":17968,"max":43,"min":-1,"runningAverage":1.6568321,"value":3,"weightedAverage":3.94036674}},"metadata":{"timer_format_version":"0.1.0","start_time_seconds":"1637756242","unity_version":"2021.2.2f1","command_line_arguments":"C:\\Program Files\\Unity\\Hub\\Editor\\2021.2.2f1\\Editor\\Unity.exe -projectpath C:\/Users\/user\/MLPong -useHub -hubIPC -cloudEnvironment production -hubSessionId 4f6a0020-4d1d-11ec-b84f-dbd2b7924a27 -accessToken AoVDScFqrTMpWH1FVkTm8SWZG162YcpdF0Tmukp-0N4007f","communication_protocol_version":"1.5.0","com.unity.ml-agents_version":"2.0.1","scene_name":"SampleScene","end_time_seconds":"1637758162"}}