{
    "name": "root",
    "metadata": {
        "timer_format_version": "0.1.0",
        "start_time_seconds": "1637611893",
        "python_version": "3.8.9 (tags/v3.8.9:a743f81, Apr  6 2021, 14:02:34) [MSC v.1928 64 bit (AMD64)]",
        "command_line_arguments": "C:\\Users\\user\\AppData\\Local\\Programs\\Python\\Python38\\Scripts\\mlagents-learn config\\configSAC.yaml --run-id=SACtest1",
        "mlagents_version": "0.27.0",
        "mlagents_envs_version": "0.27.0",
        "communication_protocol_version": "1.5.0",
        "pytorch_version": "1.7.1+cu110",
        "numpy_version": "1.18.1",
        "end_time_seconds": "1637611964"
    },
    "total": 70.7478208,
    "count": 1,
    "self": 0.004972199999997429,
    "children": {
        "run_training.setup": {
            "total": 0.10097850000000008,
            "count": 1,
            "self": 0.10097850000000008
        },
        "TrainerController.start_learning": {
            "total": 70.6418701,
            "count": 1,
            "self": 1.0262454999999875,
            "children": {
                "TrainerController._reset_env": {
                    "total": 8.2100562,
                    "count": 1,
                    "self": 8.2100562
                },
                "TrainerController.advance": {
                    "total": 61.311455500000015,
                    "count": 120,
                    "self": 0.0011233000000103743,
                    "children": {
                        "env_step": {
                            "total": 61.310332200000005,
                            "count": 120,
                            "self": 60.843813299999994,
                            "children": {
                                "SubprocessEnvManager._take_step": {
                                    "total": 0.46546830000001727,
                                    "count": 120,
                                    "self": 0.005717900000027143,
                                    "children": {
                                        "TorchPolicy.evaluate": {
                                            "total": 0.4597503999999901,
                                            "count": 87,
                                            "self": 0.06330040000001169,
                                            "children": {
                                                "TorchPolicy.sample_actions": {
                                                    "total": 0.39644999999997843,
                                                    "count": 87,
                                                    "self": 0.39644999999997843
                                                }
                                            }
                                        }
                                    }
                                },
                                "workers": {
                                    "total": 0.0010505999999939064,
                                    "count": 119,
                                    "self": 0.0,
                                    "children": {
                                        "worker_root": {
                                            "total": 62.4886243,
                                            "count": 119,
                                            "is_parallel": true,
                                            "self": 60.80772309999999,
                                            "children": {
                                                "steps_from_proto": {
                                                    "total": 0.0005504000000007281,
                                                    "count": 1,
                                                    "is_parallel": true,
                                                    "self": 0.00012549999999933448,
                                                    "children": {
                                                        "_process_rank_one_or_two_observation": {
                                                            "total": 0.0004249000000013936,
                                                            "count": 2,
                                                            "is_parallel": true,
                                                            "self": 0.0004249000000013936
                                                        }
                                                    }
                                                },
                                                "UnityEnvironment.step": {
                                                    "total": 1.6803508000000047,
                                                    "count": 119,
                                                    "is_parallel": true,
                                                    "self": 0.01925270000003465,
                                                    "children": {
                                                        "UnityEnvironment._generate_step_input": {
                                                            "total": 0.04416340000000041,
                                                            "count": 119,
                                                            "is_parallel": true,
                                                            "self": 0.04416340000000041
                                                        },
                                                        "communicator.exchange": {
                                                            "total": 1.5720618000000197,
                                                            "count": 119,
                                                            "is_parallel": true,
                                                            "self": 1.5720618000000197
                                                        },
                                                        "steps_from_proto": {
                                                            "total": 0.04487289999994992,
                                                            "count": 119,
                                                            "is_parallel": true,
                                                            "self": 0.012900399999937306,
                                                            "children": {
                                                                "_process_rank_one_or_two_observation": {
                                                                    "total": 0.031972500000012616,
                                                                    "count": 238,
                                                                    "is_parallel": true,
                                                                    "self": 0.031972500000012616
                                                                }
                                                            }
                                                        }
                                                    }
                                                }
                                            }
                                        }
                                    }
                                }
                            }
                        }
                    }
                },
                "trainer_threads": {
                    "total": 3.519999999923584e-05,
                    "count": 1,
                    "self": 3.519999999923584e-05,
                    "children": {
                        "thread_root": {
                            "total": 0.0,
                            "count": 0,
                            "is_parallel": true,
                            "self": 0.0,