{
    "name": "root",
    "gauges": {
        "DeflectBall.Policy.Entropy.mean": {
            "value": 1.425399661064148,
            "min": 1.425399661064148,
            "max": 1.425399661064148,
            "count": 1
        },
        "DeflectBall.Policy.Entropy.sum": {
            "value": 73051.734375,
            "min": 73051.734375,
            "max": 73051.734375,
            "count": 1
        },
        "DeflectBall.Environment.EpisodeLength.mean": {
            "value": 41.34740882917466,
            "min": 41.34740882917466,
            "max": 41.34740882917466,
            "count": 1
        },
        "DeflectBall.Environment.EpisodeLength.sum": {
            "value": 43084.0,
            "min": 43084.0,
            "max": 43084.0,
            "count": 1
        },
        "DeflectBall.Step.mean": {
            "value": 49997.0,
            "min": 49997.0,
            "max": 49997.0,
            "count": 1
        },
        "DeflectBall.Step.sum": {
            "value": 49997.0,
            "min": 49997.0,
            "max": 49997.0,
            "count": 1
        },
        "DeflectBall.Policy.ExtrinsicValueEstimate.mean": {
            "value": 0.7211819887161255,
            "min": 0.7211819887161255,
            "max": 0.7211819887161255,
            "count": 1
        },
        "DeflectBall.Policy.ExtrinsicValueEstimate.sum": {
            "value": 1001.7218017578125,
            "min": 1001.7218017578125,
            "max": 1001.7218017578125,
            "count": 1
        },
        "DeflectBall.Environment.CumulativeReward.mean": {
            "value": -0.1642651296829971,
            "min": -0.1642651296829971,
            "max": -0.1642651296829971,
            "count": 1
        },
        "DeflectBall.Environment.CumulativeReward.sum": {
            "value": -171.0,
            "min": -171.0,
            "max": -171.0,
            "count": 1
        },
        "DeflectBall.Policy.ExtrinsicReward.mean": {
            "value": -0.1642651296829971,
            "min": -0.1642651296829971,
            "max": -0.1642651296829971,
            "count": 1
        },
        "DeflectBall.Policy.ExtrinsicReward.sum": {
            "value": -171.0,
            "min": -171.0,
            "max": -171.0,
            "count": 1
        },
        "DeflectBall.Losses.PolicyLoss.mean": {
            "value": 0.0259957877608637,
            "min": 0.0259957877608637,
            "max": 0.0259957877608637,
            "count": 1
        },
        "DeflectBall.Losses.PolicyLoss.sum": {
            "value": 0.1039831510434548,
            "min": 0.1039831510434548,
            "max": 0.1039831510434548,
            "count": 1
        },
        "DeflectBall.Losses.ValueLoss.mean": {
            "value": 0.43026485405862336,
            "min": 0.43026485405862336,
            "max": 0.43026485405862336,
            "count": 1
        },
        "DeflectBall.Losses.ValueLoss.sum": {
            "value": 1.7210594162344934,
            "min": 1.7210594162344934,
            "max": 1.7210594162344934,
            "count": 1
        },
        "DeflectBall.Policy.LearningRate.mean": {
            "value": 0.00029845539051487,
            "min": 0.00029845539051487,
            "max": 0.00029845539051487,
            "count": 1
        },
        "DeflectBall.Policy.LearningRate.sum": {
            "value": 0.00119382156205948,
            "min": 0.00119382156205948,
            "max": 0.00119382156205948,
            "count": 1
        },
        "DeflectBall.Policy.Epsilon.mean": {
            "value": 0.19948513,
            "min": 0.19948513,
            "max": 0.19948513,
            "count": 1
        },
        "DeflectBall.Policy.Epsilon.sum": {
            "value": 0.79794052,
            "min": 0.79794052,
            "max": 0.79794052,
            "count": 1
        },
        "DeflectBall.Policy.Beta.mean": {
            "value": 0.004974307987,
            "min": 0.004974307987,
            "max": 0.004974307987,
            "count": 1
        },
        "DeflectBall.Policy.Beta.sum": {
            "value": 0.019897231948,
            "min": 0.019897231948,
            "max": 0.019897231948,
            "count": 1
        },
        "DeflectBall.IsTraining.mean": {
            "value": 1.0,
            "min": 1.0,
            "max": 1.0,
            "count": 1
        },
        "DeflectBall.IsTraining.sum": {
            "value": 1.0,
            "min": 1.0,
            "max": 1.0,
            "count": 1
        }
    },
    "metadata": {
        "timer_format_version": "0.1.0",
        "start_time_seconds": "1637607115",
        "python_version": "3.8.9 (tags/v3.8.9:a743f81, Apr  6 2021, 14:02:34) [MSC v.1928 64 bit (AMD64)]",
        "command_line_arguments": "C:\\Users\\user\\AppData\\Local\\Programs\\Python\\Python38\\Scripts\\mlagents-learn config\\configuration.yaml --run-id=2stack",
        "mlagents_version": "0.27.0",
        "mlagents_envs_version": "0.27.0",
        "communication_protocol_version": "1.5.0",
        "pytorch_version": "1.7.1+cu110",
        "numpy_version": "1.18.1",
        "end_time_seconds": "1637607148"
    },
    "total": 33.516223000000004,
    "count": 1,
    "self": 0.0040485000000103355,
    "children": {
        "run_training.setup": {
            "total": 0.09977060000000015,
            "count": 1,
            "self": 0.09977060000000015
        },
        "TrainerController.start_learning": {
            "total": 33.412403899999994,
            "count": 1,
            "self": 0.024426400000017168,
            "children": {
                "TrainerController._reset_env": {
                    "total": 7.9284367,
                    "count": 1,
                    "self": 7.9284367
                },
                "TrainerController.advance": {
                    "total": 25.385223199999967,
                    "count": 1459,
                    "self": 0.023300299999988283,
                    "children": {
                        "env_step": {
                            "total": 14.44224060000002,
                            "count": 1459,
                            "self": 11.64175099999991,
                            "children": {
                                "SubprocessEnvManager._take_step": {
                                    "total": 2.7860141000000045,
                                    "count": 1459,
                                    "self": 0.10990270000009872,
                                    "children": {
                                        "TorchPolicy.evaluate": {
                                            "total": 2.6761113999999058,
                                            "count": 2122,
                                            "self": 1.0688767999999609,
                                            "children": {
                                                "TorchPolicy.sample_actions": {
                                                    "total": 1.607234599999945,
                                                    "count": 2122,
                                                    "self": 1.607234599999945
                                                }
                                            }
                                        }
                                    }
                                },
                                "workers": {
                                    "total": 0.014475500000104446,
                                    "count": 1458,
                                    "self": 0.0,
                                    "children": {
                                        "worker_root": {
                                            "total": 26.637263200000053,
                                            "count": 1458,
                                            "is_parallel": true,
                                            "self": 17.433418200000038,